{"cameraMode":{"drawMode":0,"name":"Shaded","section":"Shading Mode"},"sceneLighting":true,"audioPlay":false,"sceneViewState":{"m_AlwaysRefresh":false,"showFog":true,"showSkybox":true,"showFlares":true,"showImageEffects":true,"showParticleSystems":true,"showVisualEffectGraphs":true,"m_FxEnabled":true},"in2DMode":false,"pivot":{"x":21.118743896484376,"y":1.3230198621749879,"z":-4.679233551025391},"rotation":{"x":-0.20815959572792054,"y":-0.3824865520000458,"z":0.08886097371578217,"w":-0.8958238959312439},"size":2.4214999675750734,"orthographic":false}